<?xml version="1.0" encoding="UTF-8"?>
<project-private xmlns="http://www.netbeans.org/ns/project-private/1">
    <editor-bookmarks xmlns="http://www.netbeans.org/ns/editor-bookmarks/2" lastBookmarkId="0"/>
    <open-files xmlns="http://www.netbeans.org/ns/projectui-open-files/2">
        <group>
            <file>file:/C:/Users/Deepika%20Singh/OneDrive/Documents/NetBeansProjects/quiz/src/quiz/login.java</file>
            <file>file:/C:/Users/Deepika%20Singh/OneDrive/Documents/NetBeansProjects/quiz/src/quiz/register.java</file>
            <file>file:/C:/Users/Deepika%20Singh/OneDrive/Documents/NetBeansProjects/quiz/src/quiz/QuestionModule.java</file>
            <file>file:/C:/Users/Deepika%20Singh/OneDrive/Documents/NetBeansProjects/quiz/src/quiz/connection.java</file>
            <file>file:/C:/Users/Deepika%20Singh/OneDrive/Documents/NetBeansProjects/quiz/src/quiz/quizstart.java</file>
            <file>file:/C:/Users/Deepika%20Singh/OneDrive/Documents/NetBeansProjects/quiz/src/quiz/leaderboard.java</file>
            <file>file:/C:/Users/Deepika%20Singh/OneDrive/Documents/NetBeansProjects/quiz/src/quiz/thankyouf.java</file>
            <file>file:/C:/Users/Deepika%20Singh/OneDrive/Documents/NetBeansProjects/quiz/src/quiz/welcomepage.java</file>
            <file>file:/C:/Users/Deepika%20Singh/OneDrive/Documents/NetBeansProjects/quiz/src/quiz/homepage.java</file>
        </group>
    </open-files>
</project-private>
